qpos_0,qpos_1,qpos_2,qpos_3,qpos_4,qpos_5,gripper_qpos,action_0,action_1,action_2,action_3,action_4,action_5,action_gripper
1.2751578820788187,-0.12687402630629732,-1.888132343860177,0.38914659125212653,4.7366461168575675,0.16933005718055646,0.0,1.2751578820788187,-0.12687402630629732,-1.888132343860177,0.38914659125212653,4.7366461168575675,0.16933005718055646,0.0
1.2759831957006345,-0.12919753448885057,-1.8848625146737776,0.3867436875795753,4.735010935948258,0.16922794159750873,1.0,1.2759831957006345,-0.12919753448885057,-1.8848625146737776,0.3867436875795753,4.735010935948258,0.16922794159750873,1.0
1.2764837368275148,-0.1317028616724506,-1.8820455560307463,0.3850205890647805,4.73358507950063,0.1699615758987983,0.0,1.2764837368275148,-0.1317028616724506,-1.8820455560307463,0.3850205890647805,4.73358507950063,0.1699615758987983,0.0
1.2766736202132374,-0.13419970835245437,-1.8798243465235658,0.3840575567250941,4.732399440183327,0.17133533425760206,1.0,1.2766736202132374,-0.13419970835245437,-1.8798243465235658,0.3840575567250941,4.732399440183327,0.17133533425760206,1.0
1.276710771310444,-0.13618325569948062,-1.8787123436104032,0.3844774706499724,4.73123350825809,0.17291600358834816,0.0,1.276710771310444,-0.13618325569948062,-1.8787123436104032,0.3844774706499724,4.73123350825809,0.17291600358834816,0.0
1.2766961239244485,-0.13772719837431882,-1.8785345776076403,0.3861557281899131,4.729896068758652,0.1745962584991064,1.0,1.2766961239244485,-0.13772719837431882,-1.8785345776076403,0.3861557281899131,4.729896068758652,0.1745962584991064,1.0
1.2770560501457728,-0.138687034920697,-1.8790340534700847,0.3888641297290101,4.727387371011798,0.17575250317587793,0.0,1.2770560501457728,-0.138687034920697,-1.8790340534700847,0.3888641297290101,4.727387371011798,0.17575250317587793,0.0
1.2777720410048405,-0.1393482145955796,-1.8800013135780016,0.3925304703122085,4.723623791759298,0.17659833978284392,1.0,1.2777720410048405,-0.1393482145955796,-1.8800013135780016,0.3925304703122085,4.723623791759298,0.17659833978284392,1.0
1.2783693880373452,-0.1399438222509974,-1.8812363545335258,0.39643103591327944,4.719430910939077,0.17760035414298622,0.0,1.2783693880373452,-0.1399438222509974,-1.8812363545335258,0.39643103591327944,4.719430910939077,0.17760035414298622,0.0
1.2786606047025455,-0.14051596912168735,-1.8825772561423808,0.40012850219171825,4.715457474592679,0.1788655553978556,0.9936363636363637,1.2786606047025455,-0.14051596912168735,-1.8825772561423808,0.40012850219171825,4.715457474592679,0.1788655553978556,0.9936363636363637
1.2776573919199126,-0.1412529323743395,-1.8845646401058522,0.40435117712663426,4.712501898414909,0.18193383322400633,0.006363636363636364,1.2776573919199126,-0.1412529323743395,-1.8845646401058522,0.40435117712663426,4.712501898414909,0.18193383322400633,0.006363636363636364
1.275483986154299,-0.14213695205343452,-1.8871525668951368,0.40913557931447514,4.710449666478894,0.1866959314377179,0.9936363636363637,1.275483986154299,-0.14213695205343452,-1.8871525668951368,0.40913557931447514,4.710449666478894,0.1866959314377179,0.9936363636363637
1.2717567590506786,-0.143107174928064,-1.890770338077955,0.41539064563528516,4.709008896329161,0.1943071626093803,0.006363636363636364,1.2717567590506786,-0.143107174928064,-1.890770338077955,0.41539064563528516,4.709008896329161,0.1943071626093803,0.006363636363636364
1.2670316454866055,-0.14409224492577066,-1.8950032994725812,0.4225131368126476,4.708018733035869,0.203761617505757,0.9936363636363637,1.2670316454866055,-0.14409224492577066,-1.8950032994725812,0.4225131368126476,4.708018733035869,0.203761617505757,0.9936363636363637
1.2606381946576521,-0.1452901014945747,-1.8998907327050947,0.4303688961066497,4.707690631589572,0.21580153576740982,0.006363636363636364,1.2606381946576521,-0.1452901014945747,-1.8998907327050947,0.4303688961066497,4.707690631589572,0.21580153576740982,0.006363636363636364
1.2535837472461415,-0.14654466674984057,-1.9046930779407802,0.43780127936635643,4.707956415066362,0.22854389605608472,0.9936363636363637,1.2535837472461415,-0.14654466674984057,-1.9046930779407802,0.43780127936635643,4.707956415066362,0.22854389605608472,0.9936363636363637
1.2462954742909216,-0.1477703367072791,-1.9091719822620752,0.4445609481347092,4.708483188329979,0.24133103074058657,0.006363636363636364,1.2462954742909216,-0.1477703367072791,-1.9091719822620752,0.4445609481347092,4.708483188329979,0.24133103074058657,0.006363636363636364
1.238073763373629,-0.14909181388493326,-1.9138823152820985,0.45155494178947525,4.709191056547723,0.25549665089482704,0.9936363636363637,1.238073763373629,-0.14909181388493326,-1.9138823152820985,0.45155494178947525,4.709191056547723,0.25549665089482704,0.9936363636363637
1.2305841554399992,-0.1501955776434734,-1.9182491005215017,0.4581112782086005,4.709554844352628,0.26840580829152494,0.006363636363636364,1.2305841554399992,-0.1501955776434734,-1.9182491005215017,0.4581112782086005,4.709554844352628,0.26840580829152494,0.006363636363636364
1.2229350241570733,-0.1512384382368348,-1.9228502439368316,0.4651068697600207,4.7096453918296906,0.2816328139643238,0.9936363636363637,1.2229350241570733,-0.1512384382368348,-1.9228502439368316,0.4651068697600207,4.7096453918296906,0.2816328139643238,0.9936363636363637
1.215373377715957,-0.15223485995868793,-1.9276432681087017,0.4724095903641542,4.709724754030175,0.29461875362420004,0.006363636363636364,1.215373377715957,-0.15223485995868793,-1.9276432681087017,0.4724095903641542,4.709724754030175,0.29461875362420004,0.006363636363636364
1.2075472793785957,-0.1532602435573957,-1.9328051400915476,0.4802676799241101,4.709889337385541,0.3079436471118161,0.9872727272727273,1.2075472793785957,-0.1532602435573957,-1.9328051400915476,0.4802676799241101,4.709889337385541,0.3079436471118161,0.9872727272727273
1.1998427543449963,-0.15439796261983438,-1.9378604856307906,0.4879242680580879,4.710526365518288,0.3207820809368156,0.006363636363636364,1.1998427543449963,-0.15439796261983438,-1.9378604856307906,0.4879242680580879,4.710526365518288,0.3207820809368156,0.006363636363636364
1.1922841705391334,-0.15562180165402348,-1.9427702894164605,0.4953292540480805,4.711537301468082,0.3331582565756046,0.9936363636363637,1.1922841705391334,-0.15562180165402348,-1.9427702894164605,0.4953292540480805,4.711537301468082,0.3331582565756046,0.9936363636363637
1.1839032025886542,-0.15706976233869954,-1.9482851634017966,0.5036356534880376,4.7130840654292,0.3465894101907148,0.006363636363636364,1.1839032025886542,-0.15706976233869954,-1.9482851634017966,0.5036356534880376,4.7130840654292,0.3465894101907148,0.006363636363636364
1.175715180659151,-0.15855620570112727,-1.9537611552352177,0.5118939495808053,4.714871579152861,0.35947884355058934,0.9936363636363637,1.175715180659151,-0.15855620570112727,-1.9537611552352177,0.5118939495808053,4.714871579152861,0.35947884355058934,0.9936363636363637
1.1675833514286487,-0.16025543563465233,-1.9594760326184184,0.520710477527567,4.716534989569725,0.3718657051232523,0.006363636363636364,1.1675833514286487,-0.16025543563465233,-1.9594760326184184,0.520710477527567,4.716534989569725,0.3718657051232523,0.006363636363636364
1.1595220959670334,-0.1621482108003989,-1.9653887828706127,0.5300181589583667,4.718058850345468,0.3837880448227781,0.9872727272727273,1.1595220959670334,-0.1621482108003989,-1.9653887828706127,0.5300181589583667,4.718058850345468,0.3837880448227781,0.9872727272727273
1.1514832110585744,-0.16442166819921547,-1.9716113919156373,0.5401474921644831,4.719790437686238,0.3951585442549259,0.012727272727272728,1.1514832110585744,-0.16442166819921547,-1.9716113919156373,0.5401474921644831,4.719790437686238,0.3951585442549259,0.012727272727272728
1.1434507177367321,-0.16702610658725847,-1.9780796775712215,0.5509787680549171,4.7217206968443275,0.40614990941638734,0.9872727272727273,1.1434507177367321,-0.16702610658725847,-1.9780796775712215,0.5509787680549171,4.7217206968443275,0.40614990941638734,0.9872727272727273
1.1357290153141018,-0.17003018558638147,-1.984477389457919,0.5624620856487433,4.723551353777648,0.41689762862762014,0.006363636363636364,1.1357290153141018,-0.17003018558638147,-1.984477389457919,0.5624620856487433,4.723551353777648,0.41689762862762014,0.006363636363636364
1.1273569689532743,-0.17374749241494133,-1.9915317037113753,0.5758467338133181,4.725469895026941,0.42879733145788035,0.9936363636363637,1.1273569689532743,-0.17374749241494133,-1.9915317037113753,0.5758467338133181,4.725469895026941,0.42879733145788035,0.9936363636363637
1.1193718798988352,-0.17791440741453382,-1.9981485937557864,0.58921740038217,4.727199351838839,0.44026134113380355,0.006363636363636364,1.1193718798988352,-0.17791440741453382,-1.9981485937557864,0.58921740038217,4.727199351838839,0.44026134113380355,0.006363636363636364
1.1114558998746835,-0.1825406511231377,-2.004567211457041,0.6028244890767935,4.7288441201280715,0.4516510819048272,0.9936363636363637,1.1114558998746835,-0.1825406511231377,-2.004567211457041,0.6028244890767935,4.7288441201280715,0.4516510819048272,0.9936363636363637
1.103721414278821,-0.18764201941496855,-2.0104907475116494,0.6160362980866222,4.730510726338243,0.4623514634276838,0.0,1.103721414278821,-0.18764201941496855,-2.0104907475116494,0.6160362980866222,4.730510726338243,0.4623514634276838,0.0
1.096446323970997,-0.19287416556107911,-2.0157659369988785,0.6283047488593175,4.7321453746153335,0.4720322870167172,1.0,1.096446323970997,-0.19287416556107911,-2.0157659369988785,0.6283047488593175,4.7321453746153335,0.4720322870167172,1.0
1.0891069849018749,-0.19869746689016,-2.0205515043196964,0.6400924324762262,4.733913180946928,0.4813724923023295,0.0,1.0891069849018749,-0.19869746689016,-2.0205515043196964,0.6400924324762262,4.733913180946928,0.4813724923023295,0.0
1.0816950081140209,-0.2050602913665773,-2.0248859321518546,0.6514283108142029,4.735793372676524,0.4904627932091515,1.0,1.0816950081140209,-0.2050602913665773,-2.0248859321518546,0.6514283108142029,4.735793372676524,0.4904627932091515,1.0
1.0749199263008593,-0.2114698376753687,-2.0283035667787535,0.6613881338169358,4.73742642305696,0.49866815897525374,0.0,1.0749199263008593,-0.2114698376753687,-2.0283035667787535,0.6613881338169358,4.73742642305696,0.49866815897525374,0.0
1.0686919243546273,-0.2178159508159458,-2.031032641105812,0.6702632513076794,4.73883576790583,0.5061714821884975,1.0,1.0686919243546273,-0.2178159508159458,-2.031032641105812,0.6702632513076794,4.73883576790583,0.5061714821884975,1.0
1.0626619950144698,-0.22451383424700866,-2.0330746198716305,0.6782575948469065,4.740136988414443,0.5132993329775537,0.0,1.0626619950144698,-0.22451383424700866,-2.0330746198716305,0.6782575948469065,4.740136988414443,0.5132993329775537,0.0
1.0568143590509282,-0.231504515595169,-2.0345384263647928,0.6855244959343785,4.741339139330505,0.5200897279669832,1.0,1.0568143590509282,-0.231504515595169,-2.0345384263647928,0.6855244959343785,4.741339139330505,0.5200897279669832,1.0
1.0518361120252433,-0.2379601845250892,-2.035772002581717,0.6925073708915934,4.742148207669671,0.5259719850246957,0.0,1.0518361120252433,-0.2379601845250892,-2.035772002581717,0.6925073708915934,4.742148207669671,0.5259719850246957,0.0
1.04739156248201,-0.24416033979317311,-2.0369669629628357,0.6996654818485357,4.742662730392275,0.5313491070026474,1.0,1.04739156248201,-0.24416033979317311,-2.0369669629628357,0.6996654818485357,4.742662730392275,0.5313491070026474,1.0
1.0437258543995704,-0.25001601517425526,-2.0381460775354685,0.7068733939178624,4.742839564288656,0.5359114015555758,0.0,1.0437258543995704,-0.25001601517425526,-2.0381460775354685,0.7068733939178624,4.742839564288656,0.5359114015555758,0.0
1.0406993049787499,-0.2555838527757703,-2.0393524895092745,0.7141376318442443,4.742760202088172,0.5397735177684088,0.9936363636363637,1.0406993049787499,-0.2555838527757703,-2.0393524895092745,0.7141376318442443,4.742760202088172,0.5397735177684088,0.9936363636363637
1.038555726617345,-0.26064307654335067,-2.041042132062875,0.722006607075156,4.742439557492926,0.5423935356488288,0.006363636363636364,1.038555726617345,-0.26064307654335067,-2.041042132062875,0.722006607075156,4.742439557492926,0.5423935356488288,0.006363636363636364
1.037153971777582,-0.265104969923183,-2.0430894371508734,0.7300781822859952,4.741983091682086,0.5439434288242275,0.9936363636363637,1.037153971777582,-0.265104969923183,-2.0430894371508734,0.7300781822859952,4.741983091682086,0.5439434288242275,0.9936363636363637
1.0363767947924696,-0.2692820382244315,-2.0458607225812098,0.7390813312461445,4.741640076533684,0.5444012262156122,0.006363636363636364,1.0363767947924696,-0.2692820382244315,-2.0458607225812098,0.7390813312461445,4.741640076533684,0.5444012262156122,0.006363636363636364
1.0361213310649036,-0.27322699539192263,-2.0492848819527794,0.7488942809147594,4.741452057360724,0.5439163977391632,0.9936363636363637,1.0361213310649036,-0.27322699539192263,-2.0492848819527794,0.7488942809147594,4.741452057360724,0.5439163977391632,0.9936363636363637
1.0364136129945398,-0.27655554728035814,-2.0528949299684363,0.7581887131191359,4.741471232120573,0.5426056897191671,0.006363636363636364,1.0364136129945398,-0.27655554728035814,-2.0528949299684363,0.7581887131191359,4.741471232120573,0.5426056897191671,0.006363636363636364
1.037099044080099,-0.27953630697518617,-2.0566800808257657,0.7672603718983274,4.74163847863703,0.540707621520754,0.9872727272727273,1.037099044080099,-0.27953630697518617,-2.0566800808257657,0.7672603718983274,4.74163847863703,0.540707621520754,0.9872727272727273
1.0381663058869484,-0.2822563931335659,-2.060398519497789,0.7759489349547108,4.741894674733896,0.5384120432401329,0.012727272727272728,1.0381663058869484,-0.2822563931335659,-2.060398519497789,0.7759489349547108,4.741894674733896,0.5384120432401329,0.012727272727272728
1.0394400958363332,-0.28469971027565905,-2.0638502425866405,0.7839446100744831,4.742192416143766,0.5359899980972468,0.9872727272727273,1.0394400958363332,-0.28469971027565905,-2.0638502425866405,0.7839446100744831,4.742192416143766,0.5359899980972468,0.9872727272727273
1.0409013057474323,-0.2872475232010242,-2.066953357888801,0.7914779604290174,4.742578574501828,0.5335198828966846,0.006363636363636364,1.0409013057474323,-0.2872475232010242,-2.066953357888801,0.7914779604290174,4.742578574501828,0.5335198828966846,0.006363636363636364
1.042503729775333,-0.2899960718935541,-2.069725841741628,0.7986804130181094,4.743077118257891,0.531073136934688,0.9936363636363637,1.042503729775333,-0.2899960718935541,-2.069725841741628,0.7986804130181094,4.743077118257891,0.531073136934688,0.9936363636363637
1.0438013550164742,-0.29299485786001056,-2.0718305379511177,0.805192574252653,4.7439490371987825,0.5295551018238293,0.006363636363636364,1.0438013550164742,-0.29299485786001056,-2.0718305379511177,0.805192574252653,4.7439490371987825,0.5295551018238293,0.006363636363636364
1.0448179501835846,-0.2961598583680016,-2.0734366904045443,0.8111706385305811,4.745105381744095,0.5287967334139155,0.9872727272727273,1.0448179501835846,-0.2961598583680016,-2.0734366904045443,0.8111706385305811,4.745105381744095,0.5287967334139155,0.9872727272727273
1.0455483886915662,-0.2996819221991451,-2.0745581475395767,0.8167015580614849,4.746570652975857,0.5287227641146386,0.006363636363636364,1.0455483886915662,-0.2996819221991451,-2.0745581475395767,0.8167015580614849,4.746570652975857,0.5287227641146386,0.006363636363636364
1.0460142421452483,-0.30334839594039803,-2.0752365878272743,0.8216150902726811,4.748206899149602,0.5291840236154403,0.9936363636363637,1.0460142421452483,-0.30334839594039803,-2.0752365878272743,0.8216150902726811,4.748206899149602,0.5291840236154403,0.9936363636363637
1.0462729682451495,-0.30694010143404704,-2.075495713401339,0.8258148287327088,4.749795741055943,0.5300404629324961,0.006363636363636364,1.0462729682451495,-0.30694010143404704,-2.075495713401339,0.8258148287327088,4.749795741055943,0.5300404629324961,0.006363636363636364
1.0463932099683666,-0.31055464353404344,-2.0754543012463884,0.8296158253985245,4.751345168178151,0.5312055626198922,0.9936363636363637,1.0463932099683666,-0.31055464353404344,-2.0754543012463884,0.8296158253985245,4.751345168178151,0.5312055626198922,0.9936363636363637
1.0464153142054142,-0.3137361889303066,-2.075357495340764,0.833040850297448,4.752523350644402,0.5324508567456132,-0.006363636363636364,1.0464153142054142,-0.3137361889303066,-2.075357495340764,0.833040850297448,4.752523350644402,0.5324508567456132,-0.006363636363636364
1.0463854868012052,-0.31655534468123725,-2.0752750705050262,0.836238707555388,4.75340698749409,0.5336980150840973,0.9518181818181818,1.0463854868012052,-0.31655534468123725,-2.0752750705050262,0.836238707555388,4.75340698749409,0.5336980150840973,0.9518181818181818
1.0463767649486353,-0.31921667484806704,-2.075317547924413,0.8396814424755608,4.754141487322734,0.5348859846673544,-0.060909090909090906,1.0463767649486353,-0.31921667484806704,-2.075317547924413,0.8396814424755608,4.754141487322734,0.5348859846673544,-0.060909090909090906
1.0463998678710917,-0.3216649188381769,-2.0754894549727774,0.843271250466933,4.7547476227868355,0.5359679604392263,0.8672727272727273,1.0463998678710917,-0.3216649188381769,-2.0754894549727774,0.843271250466933,4.7547476227868355,0.5359679604392263,0.8672727272727273
1.0464546624105202,-0.32394718131334754,-2.075938730248674,0.8473758474970177,4.7552323181052305,0.5371379203956118,-0.11454545454545455,1.0464546624105202,-0.32394718131334754,-2.075938730248674,0.8473758474970177,4.7552323181052305,0.5371379203956118,-0.11454545454545455
1.0465345572432225,-0.32611206496347295,-2.0766314184482035,0.8519469637710568,4.755623802785473,0.5384015237538271,0.7763636363636364,1.0465345572432225,-0.32611206496347295,-2.0766314184482035,0.8519469637710568,4.755623802785473,0.5384015237538271,0.7763636363636364
1.0466680481928627,-0.3281988514146318,-2.0776864297140385,0.8572678264709807,4.755873074663503,0.5395899926797887,-0.17454545454545456,1.0466680481928627,-0.3281988514146318,-2.0776864297140385,0.8572678264709807,4.755873074663503,0.5395899926797887,-0.17454545454545456
1.04683456234002,-0.33007404971718385,-2.0789417106938473,0.8627565348986067,4.756006765350226,0.5406072869266852,0.7163636363636363,1.04683456234002,-0.33007404971718385,-2.0789417106938473,0.8627565348986067,4.756006765350226,0.5406072869266852,0.7163636363636363
1.0470032735950763,-0.3317578000268728,-2.080229215922846,0.8679482342856616,4.756286929896902,0.5416118645793768,-0.21636363636363637,1.0470032735950763,-0.3317578000268728,-2.080229215922846,0.8679482342856616,4.756286929896902,0.5416118645793768,-0.21636363636363637
1.0471667916860072,-0.3332843239637062,-2.0815012748175223,0.8727830700866461,4.756714100935751,0.5426177738126133,0.6981818181818182,1.0471667916860072,-0.3332843239637062,-2.0815012748175223,0.8727830700866461,4.756714100935751,0.5426177738126133,0.6981818181818182
1.0473195905535506,-0.33459922646241924,-2.082720869438724,0.8770194270116624,4.757218503646211,0.5435077689594042,-0.22272727272727283,1.0473195905535506,-0.33459922646241924,-2.082720869438724,0.8770194270116624,4.757218503646211,0.5435077689594042,-0.22272727272727283
1.0474611375654883,-0.33570200818030743,-2.083839929728775,0.8806139621139696,4.757736222162123,0.5442594461770791,0.68,1.0474611375654883,-0.33570200818030743,-2.083839929728775,0.8806139621139696,4.757736222162123,0.5442594461770791,0.68
1.04766000911989,-0.33663318245545365,-2.0847993335114765,0.8836126815013987,4.75819055744409,0.5448980056274528,-0.22272727272727272,1.04766000911989,-0.33663318245545365,-2.0847993335114765,0.8836126815013987,4.75819055744409,0.5448980056274528,-0.22272727272727272
1.0479070173109948,-0.33738679046491876,-2.0855697860148363,0.8859762369688441,4.758558073674521,0.5454240465217708,0.6736363636363636,1.0479070173109948,-0.33738679046491876,-2.0855697860148363,0.8859762369688441,4.758558073674521,0.5454240465217708,0.6736363636363636
1.0481761297391474,-0.33795437667224193,-2.086145161968348,0.8874530929513476,4.758894164604089,0.545941864906223,-0.22272727272727272,1.0481761297391474,-0.33795437667224193,-2.086145161968348,0.8874530929513476,4.758894164604089,0.545941864906223,-0.22272727272727272
1.0484281979363232,-0.33833537515569134,-2.086521466630376,0.8880835297603966,4.75919190601396,0.546464077506474,0.6736363636363636,1.0484281979363232,-0.33833537515569134,-2.086521466630376,0.8880835297603966,4.75919190601396,0.546464077506474,0.6736363636363636
1.0485696117902066,-0.3385103781288232,-2.086611348317166,0.887645839235242,4.759475798986163,0.5473790397884842,-0.22818181818181818,1.0485696117902066,-0.3385103781288232,-2.086611348317166,0.887645839235242,4.759475798986163,0.5473790397884842,-0.22818181818181818
1.0486092263114215,-0.33852815472909953,-2.0864835165848428,0.886447616481788,4.759737854037427,0.5485971696710865,0.6618181818181819,1.0486092263114215,-0.33852815472909953,-2.0864835165848428,0.886447616481788,4.759737854037427,0.5485971696710865,0.6618181818181819
1.0485225404179392,-0.3384044508964653,-2.086212539943927,0.884664896448089,4.759964222730083,0.5502869786722554,-0.22818181818181818,1.0485225404179392,-0.3384044508964653,-2.086212539943927,0.884664896448089,4.759964222730083,0.5502869786722554,-0.22818181818181818
1.0483327901902713,-0.33818277602522984,-2.085848752139022,0.8825327031003444,4.760152241903043,0.5523091501774662,0.6554545454545454,1.0483327901902713,-0.33818277602522984,-2.085848752139022,0.8825327031003444,4.760152241903043,0.5523091501774662,0.6554545454545454
1.0480359143077547,-0.337994157641025,-2.0853142557082434,0.8801124223016804,4.760366892686903,0.5546340232300782,-0.22818181818181807,1.0480359143077547,-0.337994157641025,-2.0853142557082434,0.8801124223016804,4.760366892686903,0.5546340232300782,-0.22818181818181807
1.047646826472494,-0.3378566053707224,-2.084629024359766,0.8774469309456473,4.760616697197152,0.5572701199455794,0.6554545454545454,1.047646826472494,-0.3378566053707224,-2.084629024359766,0.8774469309456473,4.760616697197152,0.5572701199455794,0.6554545454545454
1.0472894302542055,-0.3378286754687902,-2.084172824865035,0.8756963020030837,4.760763171057107,0.5596931304843608,-0.23454545454545445,1.0472894302542055,-0.3378286754687902,-2.084172824865035,0.8756963020030837,4.760763171057107,0.5596931304843608,-0.23454545454545445
1.0469364282517155,-0.3378788427658245,-2.0838889318928326,0.8745625277480097,4.760836141670975,0.5621505623802314,0.6618181818181817,1.0469364282517155,-0.3378788427658245,-2.0838889318928326,0.8745625277480097,4.760836141670975,0.5621505623802314,0.6618181818181817
1.0466550652825486,-0.3379159605735175,-2.083771087014597,0.8737820218115347,4.760910710181497,0.5642481346338051,-0.2409090909090908,1.0466550652825486,-0.3379159605735175,-2.083771087014597,0.8737820218115347,4.760910710181497,0.5642481346338051,-0.2409090909090908
1.046439282655225,-0.3379134638599956,-2.083765228060199,0.8731736226605062,4.761000192394124,0.5660144096477728,0.6618181818181817,1.046439282655225,-0.3379134638599956,-2.083765228060199,0.8731736226605062,4.761000192394124,0.5660144096477728,0.6618181818181817
1.0463015306478405,-0.3376792055526095,-2.083756306470547,0.8723459121937095,4.761023095579499,0.5674869379935049,-0.24636363636363626,1.0463015306478405,-0.3376792055526095,-2.083756306470547,0.8723459121937095,4.761023095579499,0.5674869379935049,-0.24636363636363626
1.0462465363713302,-0.3372016009006174,-2.083710100625634,0.8712654677394643,4.760958114448901,0.5686213114598242,0.6672727272727271,1.0462465363713302,-0.3372016009006174,-2.083710100625634,0.8712654677394643,4.760958114448901,0.5686213114598242,0.6672727272727271
1.0464199747373217,-0.3358365976838973,-2.0834664213858916,0.8689661610333173,4.760550118169901,0.5692677272354136,-0.24636363636363626,1.0464199747373217,-0.3358365976838973,-2.0834664213858916,0.8689661610333173,4.760550118169901,0.5692677272354136,-0.24636363636363626
1.0468196486379155,-0.33360283803007973,-2.0829550944565964,0.8653120377016196,4.7597847256726125,0.5694758532746034,0.6672727272727271,1.0468196486379155,-0.33360283803007973,-2.0829550944565964,0.8653120377016196,4.7597847256726125,0.5694758532746034,0.6672727272727271
1.0478354448566989,-0.3292335227876412,-2.080960120484018,0.8565877217076017,4.757915719219595,0.5687368260721064,-0.2518181818181817,1.0478354448566989,-0.3292335227876412,-2.080960120484018,0.8565877217076017,4.757915719219595,0.5687368260721064,-0.2518181818181817
1.0494164970168518,-0.3230176049348554,-2.0775672532552574,0.8432894931204,4.755056016841067,0.5671862005274078,0.6672727272727271,1.0494164970168518,-0.3230176049348554,-2.0775672532552574,0.8432894931204,4.755056016841067,0.5671862005274078,0.6672727272727271
1.0519486971603262,-0.314839037227222,-2.0719925913034487,0.824331514584562,4.750882843412914,0.564697543067756,-0.2518181818181817,1.0519486971603262,-0.314839037227222,-2.0719925913034487,0.824331514584562,4.750882843412914,0.564697543067756,-0.2518181818181817
1.0554686637521113,-0.3045469515889882,-2.064189396151462,0.79947217081019,4.745362110473179,0.5612774450168488,0.6609090909090908,1.0554686637521113,-0.3045469515889882,-2.064189396151462,0.79947217081019,4.745362110473179,0.5612774450168488,0.6609090909090908
1.0599864502253218,-0.2929010813001262,-2.0541247777598346,0.7699979017618471,4.739040831309767,0.5568460115419843,-0.24545454545454534,1.0599864502253218,-0.2929010813001262,-2.0541247777598346,0.7699979017618471,4.739040831309767,0.5568460115419843,-0.24545454545454534
1.065498727628595,-0.2798744951441126,-2.041822038788105,0.7359399995823414,4.731924864877075,0.5514268781978366,0.6609090909090908,1.065498727628595,-0.2798744951441126,-2.041822038788105,0.7359399995823414,4.731924864877075,0.5514268781978366,0.6609090909090908
1.0715511606799635,-0.2673060892088903,-2.0284246074502974,0.7017496717176317,4.724686925666457,0.5458535811160868,-0.24545454545454534,1.0715511606799635,-0.2673060892088903,-2.0284246074502974,0.7017496717176317,4.724686925666457,0.5458535811160868,-0.24545454545454534
1.0778681122066043,-0.25539976176541856,-2.0145238386664657,0.6683137508107141,4.717514500218656,0.5403313834377531,0.6609090909090908,1.0778681122066043,-0.25539976176541856,-2.0145238386664657,0.6683137508107141,4.717514500218656,0.5403313834377531,0.6609090909090908
1.0848978587990046,-0.2438672922047235,-1.9990089279459362,0.6337738830529314,4.710255788351536,0.5344628749491681,-0.2518181818181817,1.0848978587990046,-0.2438672922047235,-1.9990089279459362,0.6337738830529314,4.710255788351536,0.5344628749491681,-0.2518181818181817
1.0922495149881684,-0.23316775956446437,-1.9827183715579217,0.5996737697701481,4.703266588386732,0.528513206626363,0.6609090909090908,1.0922495149881684,-0.23316775956446437,-1.9827183715579217,0.5996737697701481,4.703266588386732,0.528513206626363,0.6609090909090908
1.099830269610106,-0.22383279737724818,-1.9657130227333295,0.5666362577623063,4.696860088068438,0.5223975567886187,-0.24545454545454534,1.099830269610106,-0.22383279737724818,-1.9657130227333295,0.5666362577623063,4.696860088068438,0.5223975567886187,-0.24545454545454534
1.107562158623906,-0.21565186611414738,-1.9481947490827884,0.534560346645065,4.690955859931732,0.5161527103484919,0.6545454545454544,1.107562158623906,-0.21565186611414738,-1.9481947490827884,0.534560346645065,4.690955859931732,0.5161527103484919,0.6545454545454544
1.1157233492054266,-0.20870394514623966,-1.929657283683074,0.5028509530728458,4.685333926870575,0.5097611570218152,-0.24545454545454534,1.1157233492054266,-0.20870394514623966,-1.929657283683074,0.5028509530728458,4.685333926870575,0.5097611570218152,-0.24545454545454534
1.1233236114823493,-0.20341267682392936,-1.9123897466491637,0.4748406902547466,4.680504550549825,0.5039544338705202,0.6545454545454544,1.1233236114823493,-0.20341267682392936,-1.9123897466491637,0.4748406902547466,4.680504550549825,0.5039544338705202,0.6545454545454544
1.131182333543064,-0.19908086221859053,-1.8945747968531874,0.4473974810117526,4.676026178860748,0.4976551257861012,-0.239090909090909,1.131182333543064,-0.19908086221859053,-1.8945747968531874,0.4473974810117526,4.676026178860748,0.4976551257861012,-0.239090909090909
1.1389687507801831,-0.19565170941997725,-1.8769633125644936,0.42137000820424475,4.672003207718074,0.4911063460865691,0.6545454545454544,1.1389687507801831,-0.19565170941997725,-1.8769633125644936,0.42137000820424475,4.672003207718074,0.4911063460865691,0.6545454545454544
1.1466292004977416,-0.19303883214023007,-1.8596762012965713,0.3968271811254287,4.668410070775339,0.48447181259993644,-0.239090909090909,1.1466292004977416,-0.19303883214023007,-1.8596762012965713,0.3968271811254287,4.668410070775339,0.48447181259993644,-0.239090909090909
1.1544939146709092,-0.19096268168867472,-1.8419681774183618,0.3724719404558952,4.665019866707668,0.4774900694861847,0.6545454545454544,1.1544939146709092,-0.19096268168867472,-1.8419681774183618,0.3724719404558952,4.665019866707668,0.4774900694861847,0.6545454545454544
1.1620864537806705,-0.18969806300029377,-1.8250079691742467,0.3497784124380302,4.662217155976469,0.4700513945084026,-0.24545454545454534,1.1620864537806705,-0.18969806300029377,-1.8250079691742467,0.3497784124380302,4.662217155976469,0.4700513945084026,-0.24545454545454534
1.1697554256137173,-0.18899289123315444,-1.8080875751884282,0.3275735744801948,4.659764917244724,0.46191027750359853,0.6609090909090908,1.1697554256137173,-0.18899289123315444,-1.8080875751884282,0.3275735744801948,4.659764917244724,0.46191027750359853,0.6609090909090908
1.1775646128781565,-0.1888882290023143,-1.7922171324623735,0.3071393724626122,4.6576610199835615,0.45279687367432014,-0.24545454545454534,1.1775646128781565,-0.1888882290023143,-1.7922171324623735,0.3071393724626122,4.6576610199835615,0.45279687367432014,-0.24545454545454534
1.1860839320472656,-0.1892152485394192,-1.7761413600162737,0.28673766101032855,4.655672703913709,0.4422006550395992,0.6609090909090908,1.1860839320472656,-0.1892152485394192,-1.7761413600162737,0.28673766101032855,4.655672703913709,0.4422006550395992,0.6609090909090908
1.1952330888141782,-0.1898084510274776,-1.7613931733735784,0.26819938001753013,4.654322481241038,0.42957750449921905,-0.2518181818181817,1.1952330888141782,-0.1898084510274776,-1.7613931733735784,0.26819938001753013,4.654322481241038,0.42957750449921905,-0.2518181818181817
1.2050696074584406,-0.1905678680570705,-1.7476882800879219,0.2510946619947646,4.653538979248337,0.41498444699002085,0.6609090909090908,1.2050696074584406,-0.1905678680570705,-1.7476882800879219,0.2510946619947646,4.653538979248337,0.41498444699002085,0.6609090909090908
1.216321463064025,-0.19133469200344516,-1.735229213560204,0.2356350950906387,4.653283848415907,0.3973419701641411,-0.24545454545454534,1.216321463064025,-0.19133469200344516,-1.735229213560204,0.2356350950906387,4.653283848415907,0.3973419701641411,-0.24545454545454534
1.227939769635605,-0.19201532939904217,-1.7246977430294856,0.22263449140001018,4.653461214944506,0.3784785005574872,0.6545454545454544,1.227939769635605,-0.19201532939904217,-1.7246977430294856,0.22263449140001018,4.653461214944506,0.3784785005574872,0.6545454545454544
1.2399058850455489,-0.19259341844791433,-1.7161997291490971,0.21222765680830757,4.654355504438555,0.3580198307473894,-0.239090909090909,1.2399058850455489,-0.19259341844791433,-1.7161997291490971,0.21222765680830757,4.654355504438555,0.3580198307473894,-0.239090909090909
1.2534765550122657,-0.19316533229200883,-1.7083774923953166,0.20275698991879504,4.65592996527501,0.33399688600287053,0.6545454545454544,1.2534765550122657,-0.19316533229200883,-1.7083774923953166,0.20275698991879504,4.65592996527501,0.33399688600287053,0.6545454545454544
1.2671389708785357,-0.19390289475590627,-1.7019596736423892,0.19554038928641196,4.657354223825984,0.3098472413694911,-0.239090909090909,1.2671389708785357,-0.19390289475590627,-1.7019596736423892,0.19554038928641196,4.657354223825984,0.3098472413694911,-0.239090909090909
1.2814324227651,-0.19486208215676876,-1.696191666195441,0.18962221284349698,4.658610703228284,0.28472990386451785,0.6481818181818181,1.2814324227651,-0.19486208215676876,-1.696191666195441,0.18962221284349698,4.658610703228284,0.28472990386451785,0.6481818181818181
1.2961976536387718,-0.19635543309327386,-1.6904585461587731,0.18431258535442194,4.659902336356972,0.25846863880281457,-0.23272727272727262,1.2961976536387718,-0.19635543309327386,-1.6904585461587731,0.18431258535442194,4.659902336356972,0.25846863880281457,-0.23272727272727262
1.3112562317065157,-0.19831571939265394,-1.6846299517970256,0.17933455471057538,4.661259483248476,0.23137728307409045,0.6354545454545454,1.3112562317065157,-0.19831571939265394,-1.6846299517970256,0.17933455471057538,4.661259483248476,0.23137728307409045,0.6354545454545454
1.3262483639050624,-0.20094399307245314,-1.6785680645237873,0.17475949362917145,4.662745527136741,0.20408872026664596,-0.22636363636363627,1.3262483639050624,-0.20094399307245314,-1.6785680645237873,0.17475949362917145,4.662745527136741,0.20408872026664596,-0.22636363636363627
1.3405107899649273,-0.203964017748603,-1.672579147864417,0.17068284314577584,4.664287497407896,0.17789651430095985,0.6354545454545454,1.3405107899649273,-0.203964017748603,-1.672579147864417,0.17068284314577584,4.664287497407896,0.17789651430095985,0.6354545454545454
1.35484086031648,-0.20759052742874798,-1.6664393631292937,0.1671544875965571,4.6662869987543285,0.1512139704443197,-0.22636363636363627,1.35484086031648,-0.20759052742874798,-1.6664393631292937,0.1671544875965571,4.6662869987543285,0.1512139704443197,-0.22636363636363627
1.3692201991481994,-0.21174128036947504,-1.6601978456405295,0.16415415366771702,4.668725389048404,0.12411212851880339,0.6418181818181817,1.3692201991481994,-0.21174128036947504,-1.6601978456405295,0.16415415366771702,4.668725389048404,0.12411212851880339,0.6418181818181817
1.3818120242562577,-0.21589467982653537,-1.654646619506314,0.16207810308470255,4.67109986347632,0.10014605058593609,-0.23272727272727262,1.3818120242562577,-0.21589467982653537,-1.654646619506314,0.16207810308470255,4.67109986347632,0.10014605058593609,-0.23272727272727262
1.394357377203294,-0.22044702081488954,-1.6490646338615078,0.1604844175541287,4.673625072821933,0.07609083998033521,0.6481818181818181,1.394357377203294,-0.22044702081488954,-1.6490646338615078,0.1604844175541287,4.673625072821933,0.07609083998033521,0.6481818181818181
1.4061400008141314,-0.22497031670260506,-1.6441050289634533,0.15986338503267905,4.676154543225289,0.05322954529736287,-0.23272727272727262,1.4061400008141314,-0.22497031670260506,-1.6441050289634533,0.15986338503267905,4.676154543225289,0.05322954529736287,-0.23272727272727262
1.417305170526234,-0.22940900729144012,-1.6397122779034219,0.1600603091505336,4.678662708339926,0.03134490876812285,0.6418181818181817,1.417305170526234,-0.22940900729144012,-1.6397122779034219,0.1600603091505336,4.678662708339926,0.03134490876812285,0.6418181818181817
1.4281189361325008,-0.23377024982682432,-1.6359890455414368,0.16125152446136923,4.6809823216493855,0.01007990347986829,-0.23272727272727262,1.4281189361325008,-0.23377024982682432,-1.6359890455414368,0.16125152446136923,4.6809823216493855,0.01007990347986829,-0.23272727272727262
1.4378943352297457,-0.23773288372605095,-1.6330907273271034,0.16314661324831278,4.682945604004991,-0.009154771251445202,0.6481818181818181,1.4378943352297457,-0.23773288372605095,-1.6330907273271034,0.16314661324831278,4.682945604004991,-0.009154771251445202,0.6481818181818181
1.446809000662677,-0.2412703606020032,-1.6311897629410048,0.16597470723365199,4.684544033291258,-0.026602938226587394,-0.23272727272727262,1.446809000662677,-0.2412703606020032,-1.6311897629410048,0.16597470723365199,4.684544033291258,-0.026602938226587394,-0.23272727272727262
1.455020458409773,-0.2444494092847444,-1.6300914753074562,0.1695150470077761,4.685862830663064,-0.04258427872550328,0.6481818181818181,1.455020458409773,-0.2444494092847444,-1.6300914753074562,0.1695150470077761,4.685862830663064,-0.04258427872550328,0.6481818181818181
1.462261992887862,-0.24716857998149935,-1.6298581823959652,0.1735740041146795,4.687036219439354,-0.056629940117392495,-0.23272727272727262,1.462261992887862,-0.24716857998149935,-1.6298581823959652,0.1735740041146795,4.687036219439354,-0.056629940117392495,-0.23272727272727262
1.4687308111756643,-0.24952762471984838,-1.6302830897478875,0.17799118967771219,4.688136637601774,-0.06915618488360745,0.6481818181818181,1.4687308111756643,-0.24952762471984838,-1.6302830897478875,0.17799118967771219,4.688136637601774,-0.06915618488360745,0.6481818181818181
1.4743375642186083,-0.25150695262102246,-1.6314526169405958,0.18288845996150205,4.689302036894793,-0.08013114663722964,-0.23272727272727262,1.4743375642186083,-0.25150695262102246,-1.6314526169405958,0.18288845996150205,4.689302036894793,-0.08013114663722964,-0.23272727272727262
1.4791004946701602,-0.25313892109226627,-1.6331248157890563,0.18796103282404641,4.690499926753111,-0.08957233566242637,0.6418181818181817,1.4791004946701602,-0.25313892109226627,-1.6331248157890563,0.18796103282404641,4.690499926753111,-0.08957233566242637,0.6418181818181817
1.483344907657474,-0.2545500802196288,-1.6357180689005213,0.19391158331896266,4.692008341194532,-0.098103788859252,-0.22636363636363627,1.483344907657474,-0.2545500802196288,-1.6357180689005213,0.19391158331896266,4.692008341194532,-0.098103788859252,-0.22636363636363627
1.4871834548946599,-0.25578247465881976,-1.6391768493662615,0.20072890952491562,4.693809170723643,-0.10592388676178228,0.6354545454545454,1.4871834548946599,-0.25578247465881976,-1.6391768493662615,0.20072890952491562,4.693809170723643,-0.10592388676178228,0.6354545454545454
1.4904412998561538,-0.2567102201140625,-1.643247890566611,0.20797843348627482,4.695478440094904,-0.11262314338528227,-0.22636363636363627,1.4904412998561538,-0.2567102201140625,-1.643247890566611,0.20797843348627482,4.695478440094904,-0.11262314338528227,-0.22636363636363627
1.4938301723432794,-0.2575484500671649,-1.6484033709628412,0.2167056789574917,4.697199374791314,-0.11961012127505168,0.6354545454545454,1.4938301723432794,-0.2575484500671649,-1.6484033709628412,0.2167056789574917,4.697199374791314,-0.11961012127505168,0.6354545454545454
1.4974791025108516,-0.25821996613602843,-1.6540237061273444,0.22618528408141284,4.698120295896263,-0.12681496238674642,-0.22636363636363627,1.4974791025108516,-0.25821996613602843,-1.6540237061273444,0.22618528408141284,4.698120295896263,-0.12681496238674642,-0.22636363636363627
1.5015015410213073,-0.25881596494323134,-1.6601003739446327,0.23647878452397578,4.698429755214931,-0.13450645457576108,0.6354545454545454,1.5015015410213073,-0.25881596494323134,-1.6601003739446327,0.23647878452397578,4.698429755214931,-0.13450645457576108,0.6354545454545454
1.5055785743341097,-0.2595262300059555,-1.666192354938189,0.2468468701218178,4.698723768199275,-0.14222307202518492,-0.2199999999999999,1.5055785743341097,-0.2595262300059555,-1.666192354938189,0.2468468701218178,4.698723768199275,-0.14222307202518492,-0.2199999999999999
1.5099657327558516,-0.2604230661477965,-1.6727244233018808,0.25801169029402743,4.6991168507761705,-0.1504708319868899,0.629090909090909,1.5099657327558516,-0.2604230661477965,-1.6727244233018808,0.25801169029402743,4.6991168507761705,-0.1504708319868899,0.629090909090909
1.5144895113415149,-0.26165124946351376,-1.6797852623000078,0.2702862996267435,4.699245215140713,-0.15853258679120963,-0.2199999999999999,1.5144895113415149,-0.26165124946351376,-1.6797852623000078,0.2702862996267435,4.699245215140713,-0.15853258679120963,-0.2199999999999999
1.519098377924006,-0.2631588649566076,-1.6873323945131833,0.2835598773291051,4.699114187615081,-0.16633699701044366,0.629090909090909,1.519098377924006,-0.2631588649566076,-1.6873323945131833,0.2835598773291051,4.699114187615081,-0.16633699701044366,0.629090909090909
1.5235144316435751,-0.26486501910896687,-1.6956985819196129,0.29805905840987806,4.6989314947643015,-0.17328361968731998,-0.2199999999999999,1.5235144316435751,-0.26486501910896687,-1.6956985819196129,0.29805905840987806,4.6989314947643015,-0.17328361968731998,-0.2199999999999999
1.5278812168829783,-0.26677395633357887,-1.7051369579809081,0.31416522418191833,4.6987599871901,-0.17967595531756675,0.6354545454545454,1.5278812168829783,-0.26677395633357887,-1.7051369579809081,0.31416522418191833,4.6987599871901,-0.17967595531756675,0.6354545454545454
1.5317075135791496,-0.268656445039615,-1.7150733451660485,0.3306365759184358,4.698812185147466,-0.18479711422524822,-0.22636363636363627,1.5317075135791496,-0.268656445039615,-1.7150733451660485,0.3306365759184358,4.698812185147466,-0.18479711422524822,-0.22636363636363627
1.5352240846405445,-0.2705566437669002,-1.7256620736602033,0.34781732719032316,4.6990508043811365,-0.18911230071853086,0.6354545454545454,1.5352240846405445,-0.2705566437669002,-1.7256620736602033,0.34781732719032316,4.6990508043811365,-0.18911230071853086,0.6354545454545454
1.5382012324231442,-0.2723838053012899,-1.7363810307316634,0.3648685822542053,4.699336295249993,-0.19230804409235552,-0.2199999999999999,1.5382012324231442,-0.2723838053012899,-1.7363810307316634,0.3648685822542053,4.699336295249993,-0.19230804409235552,-0.2199999999999999
1.5409689225860093,-0.2742853356091201,-1.747962319364091,0.3830417272167971,4.699639895614262,-0.19485447550290522,0.6354545454545454,1.5409689225860093,-0.2742853356091201,-1.747962319364091,0.3830417272167971,4.699639895614262,-0.19485447550290522,0.6354545454545454
1.5433105069744613,-0.27616088345156525,-1.759960925339334,0.40166421403431235,4.699697952526026,-0.19634799288697846,-0.2199999999999999,1.5433105069744613,-0.27616088345156525,-1.759960925339334,0.40166421403431235,4.699697952526026,-0.19634799288697846,-0.2199999999999999
1.545303749892331,-0.2780097830383527,-1.7722691237912986,0.4206333445572151,4.69953603233175,-0.19699587340116748,0.6354545454545454,1.545303749892331,-0.2780097830383527,-1.7722691237912986,0.4206333445572151,4.69953603233175,-0.19699587340116748,0.6354545454545454
1.5467602326924954,-0.2797952661016827,-1.7848514946774867,0.44000351385077024,4.699419918508221,-0.19675479074348806,-0.2199999999999999,1.5467602326924954,-0.2797952661016827,-1.7848514946774867,0.44000351385077024,4.699419918508221,-0.19675479074348806,-0.2199999999999999
1.547804857630079,-0.2816021876117879,-1.7981209611249158,0.4604364508668351,4.699390623736231,-0.19579387228791703,0.629090909090909,1.547804857630079,-0.2816021876117879,-1.7981209611249158,0.4604364508668351,4.699390623736231,-0.19579387228791703,0.629090909090909
1.5483417509058388,-0.28340514766977154,-1.810697739372815,0.4797829513162021,4.69939914585172,-0.19429992214016664,-0.21363636363636354,1.5483417509058388,-0.28340514766977154,-1.810697739372815,0.4797829513162021,4.69939914585172,-0.19429992214016664,-0.21363636363636354
1.5485384253523415,-0.28527954702399655,-1.823049879982766,0.4987738864705299,4.6994188532437855,-0.19242515660129172,0.6227272727272726,1.5485384253523415,-0.28527954702399655,-1.823049879982766,0.4987738864705299,4.6994188532437855,-0.19242515660129172,0.6227272727272726
1.5484461468205701,-0.28725541281575356,-1.8348578036239593,0.5170453020773454,4.69935333948097,-0.19035613010565236,-0.20727272727272716,1.5484461468205701,-0.28725541281575356,-1.8348578036239593,0.5170453020773454,4.69935333948097,-0.19035613010565236,-0.20727272727272716
1.5481746375474366,-0.28922222385980434,-1.8457573230173268,0.534021056524324,4.69921112667876,-0.18827473655570093,0.6227272727272726,1.5481746375474366,-0.28922222385980434,-1.8457573230173268,0.534021056524324,4.69921112667876,-0.18827473655570093,0.6227272727272726
1.547856123481063,-0.29132585480485795,-1.8570262228538879,0.5517469901608641,4.698901134727874,-0.1860697723311698,-0.20727272727272716,1.547856123481063,-0.29132585480485795,-1.8570262228538879,0.5517469901608641,4.698901134727874,-0.1860697723311698,-0.20727272727272716
1.5475625099708818,-0.29331363824249307,-1.8674345221841901,0.5682687755105249,4.698520835324211,-0.18402120224165364,0.6163636363636362,1.5475625099708818,-0.29331363824249307,-1.8674345221841901,0.5682687755105249,4.698520835324211,-0.18402120224165364,0.6163636363636362
1.5472535832844325,-0.29532156183587194,-1.8771270969715332,0.5838943405743469,4.698633220722213,-0.18212900964239553,-0.20727272727272716,1.5472535832844325,-0.29532156183587194,-1.8771270969715332,0.5838943405743469,4.698633220722213,-0.18212900964239553,-0.20727272727272716
1.5469470534429646,-0.2972753233905813,-1.8858604011342304,0.5981551021585304,4.699189288757821,-0.1804386513642518,0.6227272727272726,1.5469470534429646,-0.2972753233905813,-1.8858604011342304,0.5981551021585304,4.699189288757821,-0.1804386513642518,0.6227272727272726
1.54671069789622,-0.29938907434777723,-1.8939730556048842,0.6113757661789835,4.700387711248356,-0.17885445334506136,-0.20727272727272716,1.54671069789622,-0.29938907434777723,-1.8939730556048842,0.6113757661789835,4.700387711248356,-0.17885445334506136,-0.20727272727272716
1.5465426524314358,-0.3015773938154953,-1.901246814332163,0.6231328900223836,4.702154452315515,-0.17743873355433204,0.6227272727272726,1.5465426524314358,-0.3015773938154953,-1.901246814332163,0.6231328900223836,4.702154452315515,-0.17743873355433204,0.6227272727272726
1.5462114883498848,-0.3039178130709706,-1.9074812744440386,0.6326118792903026,4.705636801756903,-0.17662042737513475,-0.21363636363636354,1.5462114883498848,-0.3039178130709706,-1.9074812744440386,0.6326118792903026,4.705636801756903,-0.17662042737513475,-0.21363636363636354
1.5457130777518762,-0.30650324314673316,-1.9131225154230989,0.640580123850847,4.710756995268689,-0.17631534562750936,0.629090909090909,1.5457130777518762,-0.30650324314673316,-1.9131225154230989,0.640580123850847,4.710756995268689,-0.17631534562750936,0.629090909090909
1.5454329132052,-0.30930855045999534,-1.918134850910737,0.6478130696344204,4.715539499954254,-0.17622959184040882,-0.2199999999999999,1.5454329132052,-0.30930855045999534,-1.918134850910737,0.6478130696344204,4.715539499954254,-0.17622959184040882,-0.2199999999999999
1.5453707283937466,-0.312384934282714,-1.9229293398212068,0.6550221135472104,4.719899627290931,-0.1762351012549139,0.629090909090909,1.5453707283937466,-0.312384934282714,-1.9229293398212068,0.6550221135472104,4.719899627290931,-0.1762351012549139,0.629090909090909
1.5456201334298325,-0.3158025356200991,-1.927609845437021,0.6625871555187167,4.7235353748111075,-0.1763210214895826,-0.21363636363636354,1.5456201334298325,-0.3158025356200991,-1.927609845437021,0.6625871555187167,4.7235353748111075,-0.1763210214895826,-0.21363636363636354
1.546124669298348,-0.31947899621543985,-1.9322219078128202,0.6705014710671869,4.726558062648347,-0.17647751549313836,0.629090909090909,1.546124669298348,-0.31947899621543985,-1.9322219078128202,0.6705014710671869,4.726558062648347,-0.17647751549313836,0.629090909090909
1.5469457218624194,-0.3231752973609017,-1.936545816158673,0.6786420887292867,4.728601772468874,-0.17685403653700515,-0.21363636363636354,1.5469457218624194,-0.3231752973609017,-1.936545816158673,0.6786420887292867,4.728601772468874,-0.17685403653700515,-0.21363636363636354
1.5480651816266342,-0.327134219479359,-1.9409368361639954,0.6875162741136488,4.730032955238682,-0.17744194599239696,0.629090909090909,1.5480651816266342,-0.327134219479359,-1.9409368361639954,0.6875162741136488,4.730032955238682,-0.17744194599239696,0.629090909090909
1.5492542830533544,-0.3312669794379712,-1.9449137346198109,0.6959642205655435,4.7311317755044495,-0.1780835847227811,-0.2199999999999999,1.5492542830533544,-0.3312669794379712,-1.9449137346198109,0.6959642205655435,4.7311317755044495,-0.1780835847227811,-0.2199999999999999
1.550310759057789,-0.33505679082720846,-1.948102204234908,0.7029993600591514,4.73195575754572,-0.17864594447646498,0.629090909090909,1.550310759057789,-0.33505679082720846,-1.948102204234908,0.7029993600591514,4.73195575754572,-0.17864594447646498,0.629090909090909
1.5511923985366596,-0.33868861018477675,-1.95097002925476,0.709319174483964,4.732754173240526,-0.17890540294566593,-0.21363636363636354,1.5511923985366596,-0.33868861018477675,-1.95097002925476,0.709319174483964,4.732754173240526,-0.17890540294566593,-0.21363636363636354
1.5518917446389144,-0.34213880195600166,-1.953587650290199,0.715002360250193,4.733568035269654,-0.17885385413381608,0.629090909090909,1.5518917446389144,-0.34213880195600166,-1.953587650290199,0.715002360250193,4.733568035269654,-0.17885385413381608,0.629090909090909
1.5523113256686565,-0.34500016881021006,-1.9556775659556387,0.7192837245976317,4.734389886782052,-0.17855275048306898,-0.2199999999999999,1.5523113256686565,-0.34500016881021006,-1.9556775659556387,0.7192837245976317,4.734389886782052,-0.17855275048306898,-0.2199999999999999
1.5525387596257494,-0.34749981180935846,-1.9574299259529107,0.7226148730681301,4.73524422885975,-0.17809002624366774,0.629090909090909,1.5525387596257494,-0.34749981180935846,-1.9574299259529107,0.7226148730681301,4.73524422885975,-0.17809002624366774,0.629090909090909
1.55258283494179,-0.34953313530163393,-1.9586549800543471,0.7246119109905532,4.736018143472527,-0.17763221220752629,-0.21363636363636354,1.55258283494179,-0.34953313530163393,-1.9586549800543471,0.7246119109905532,4.736018143472527,-0.17763221220752629,-0.21363636363636354
1.5524914885164005,-0.35135926486110125,-1.9595434105939975,0.7256854978049914,4.736781405440943,-0.17714686774361615,0.6227272727272726,1.5524914885164005,-0.35135926486110125,-1.9595434105939975,0.7256854978049914,4.736781405440943,-0.17714686774361615,0.6227272727272726
1.5521905513132215,-0.352820075298037,-1.9599127910371916,0.7253904195562106,4.7376224317131905,-0.17623075697338572,-0.17727272727272717,1.5521905513132215,-0.352820075298037,-1.9599127910371916,0.7253904195562106,4.7376224317131905,-0.17623075697338572,-0.17727272727272717
1.5516995975662655,-0.35403517583489924,-1.959858728867063,0.7239321391223105,4.7385641254746425,-0.17487187902717277,0.8218181818181817,1.5516995975662655,-0.35403517583489924,-1.959858728867063,0.7239321391223105,4.7385641254746425,-0.17487187902717277,0.8218181818181817
1.551112104229794,-0.35493129625219727,-1.9594191741291456,0.7216010076411368,4.739245362081484,-0.17356578160481387,-0.05727272727272717,1.551112104229794,-0.35493129625219727,-1.9594191741291456,0.7216010076411368,4.739245362081484,-0.17356578160481387,-0.05727272727272717
1.55044471606062,-0.3556334719631103,-1.9587226243460354,0.7186791204511565,4.73975402584969,-0.1723007634422694,0.8699999999999999,1.55044471606062,-0.3556334719631103,-1.9587226243460354,0.7186791204511565,4.73975402584969,-0.1723007634422694,0.8699999999999999
1.5496508277396672,-0.3561372088832988,-1.9580549698607521,0.715982603268424,4.740634999538288,-0.17072347299715634,-0.009090909090908988,1.5496508277396672,-0.3561372088832988,-1.9580549698607521,0.715982603268424,4.740634999538288,-0.17072347299715634,-0.009090909090908988
1.548699280282182,-0.3565297588279765,-1.9574162106732969,0.7134007351706193,4.741945807426825,-0.16875052003784158,0.9181818181818181,1.548699280282182,-0.3565297588279765,-1.9574162106732969,0.7134007351706193,4.741945807426825,-0.16875052003784158,0.9181818181818181
1.5477647770556733,-0.3567383176308433,-1.9569893059505572,0.7113081563440896,4.743369533345581,-0.16691626783704952,0.0027272727272728307,1.5477647770556733,-0.3567383176308433,-1.9569893059505572,0.7113081563440896,4.743369533345581,-0.16691626783704952,0.0027272727272728307
1.5468746154613142,-0.3568003027052149,-1.956755480406848,0.7096482746156705,4.744799118218736,-0.16528118679628176,0.9427272727272727,1.5468746154613142,-0.3568003027052149,-1.956755480406848,0.7096482746156705,4.744799118218736,-0.16528118679628176,0.9427272727272727
1.5460534297391886,-0.35674647356168165,-1.956752817245758,0.7086308139212056,4.745923504830968,-0.16378873467664454,0.014545454545454545,1.5460534297391886,-0.35674647356168165,-1.956752817245758,0.7086308139212056,4.745923504830968,-0.16378873467664454,0.014545454545454545
1.5452910998771532,-0.3566149134038318,-1.9569333795676653,0.7081406591225766,4.746774118483139,-0.16239601793983077,0.9490909090909091,1.5452910998771532,-0.3566149134038318,-1.9569333795676653,0.7081406591225766,4.746774118483139,-0.16239601793983077,0.9490909090909091
1.5446218474952165,-0.35645885216395307,-1.9573240652995803,0.7082005136680761,4.7476865174726,-0.1611731110120232,0.008181818181818182,1.5446218474952165,-0.35645885216395307,-1.9573240652995803,0.7082005136680761,4.7476865174726,-0.1611731110120232,0.008181818181818182
1.5440306257332186,-0.3562990292090348,-1.957870545955264,0.7086639036977499,4.748695322893521,-0.1600893708959291,0.9490909090909091,1.5440306257332186,-0.3562990292090348,-1.957870545955264,0.7086639036977499,4.748695322893521,-0.1600893708959291,0.9490909090909091
1.5435415361990257,-0.3561991939576704,-1.9584362013707972,0.7092786944353947,4.749488412266147,-0.15909459700500042,0.008181818181818182,1.5435415361990257,-0.3561991939576704,-1.9584362013707972,0.7092786944353947,4.749488412266147,-0.15909459700500042,0.008181818181818182
1.543113033579632,-0.3561504581097219,-1.959016104698162,0.7099901579206094,4.750086558246979,-0.15811200707605888,0.9554545454545454,1.543113033579632,-0.3561504581097219,-1.959016104698162,0.7099901579206094,4.750086558246979,-0.15811200707605888,0.9554545454545454
1.5426937188659988,-0.35606909853842,-1.9596426133446032,0.71082552497554,4.750614929407251,-0.15711047541386414,0.008181818181818182,1.5426937188659988,-0.35606909853842,-1.9596426133446032,0.71082552497554,4.750614929407251,-0.15711047541386414,0.008181818181818182
1.5422562946569534,-0.3559486237886076,-1.9603187899453742,0.7117562331974955,4.7511385068775605,-0.1560564461886812,0.9490909090909091,1.5422562946569534,-0.3559486237886076,-1.9603187899453742,0.7117562331974955,4.7511385068775605,-0.1560564461886812,0.9490909090909091
1.5418437710041,-0.35582235666342416,-1.9608447642606648,0.7123842731615634,4.751624267460391,-0.15506716506750085,0.014545454545454545,1.5418437710041,-0.35582235666342416,-1.9608447642606648,0.7123842731615634,4.751624267460391,-0.15506716506750085,0.014545454545454545
1.5414719937159251,-0.3557001175693896,-1.961217340497167,0.7127174346139322,4.7520530363958935,-0.15418342834927168,0.9427272727272727,1.5414719937159251,-0.3557001175693896,-1.961217340497167,0.7127174346139322,4.7520530363958935,-0.15418342834927168,0.9427272727272727
1.5410962216861148,-0.3555195552474822,-1.9615824598826168,0.7129352146120734,4.752387529428807,-0.15331753481034602,0.02090909090909091,1.5410962216861148,-0.3555195552474822,-1.9615824598826168,0.7129352146120734,4.752387529428807,-0.15331753481034602,0.02090909090909091
1.5407677207656536,-0.3553131269734874,-1.9619153550188766,0.7130721010921036,4.752597386522706,-0.15258231925715923,0.9363636363636364,1.5407677207656536,-0.3553131269734874,-1.9619153550188766,0.7130721010921036,4.752597386522706,-0.15258231925715923,0.9363636363636364
1.540444413009318,-0.35508356248752254,-1.9623166933951517,0.7132770979170124,4.752830679434197,-0.1518459552157523,0.02727272727272727,1.540444413009318,-0.35508356248752254,-1.9623166933951517,0.7132770979170124,4.752830679434197,-0.1518459552157523,0.02727272727272727
1.540123635256018,-0.3548411149597845,-1.96279353238833,0.7135793667007364,4.753098060807641,-0.15109219740347582,0.9363636363636364,1.540123635256018,-0.3548411149597845,-1.96279353238833,0.7135793667007364,4.753098060807641,-0.15109219740347582,0.9363636363636364
1.5398344159616355,-0.3546389477435339,-1.9633499998981023,0.7141151947120603,4.753249860989776,-0.15032081279373435,0.02727272727272727,1.5398344159616355,-0.3546389477435339,-1.9633499998981023,0.7141151947120603,4.753249860989776,-0.15032081279373435,0.02727272727272727
1.539570896171772,-0.3544742978091397,-1.963961594842439,0.7148321842565369,4.753308450533757,-0.14953489731129516,0.9363636363636364,1.539570896171772,-0.3544742978091397,-1.963961594842439,0.7148321842565369,4.753308450533757,-0.14953489731129516,0.9363636363636364
1.5393152327071242,-0.3543685703138636,-1.9647269873397277,0.7158932542138517,4.753427227518374,-0.14861554081348619,0.02727272727272727,1.5393152327071242,-0.3543685703138636,-1.9647269873397277,0.7158932542138517,4.753427227518374,-0.14861554081348619,0.02727272727272727
1.5390780782120528,-0.3543125107729174,-1.9656160836696506,0.7172243687057006,4.753610453001372,-0.14760948177743832,0.93,1.5390780782120528,-0.3543125107729174,-1.9656160836696506,0.7172243687057006,4.753610453001372,-0.14760948177743832,0.93
1.538916956966103,-0.35417928613938615,-1.9669111789077565,0.7189999647834837,4.753733491043733,-0.14652615778026454,0.03363636363636364,1.538916956966103,-0.35417928613938615,-1.9669111789077565,0.7189999647834837,4.753733491043733,-0.14652615778026454,0.03363636363636364
1.5388377279236731,-0.3539483234938491,-1.9686523536284501,0.7212582588088436,4.753775036356739,-0.14537037915668377,0.93,1.5388377279236731,-0.3539483234938491,-1.9686523536284501,0.7212582588088436,4.753775036356739,-0.14537037915668377,0.93
1.5390470523853534,-0.35359389004227315,-1.9708241614974096,0.7240775477178287,4.753586484551561,-0.14463235063959556,0.03363636363636364,1.5390470523853534,-0.35359389004227315,-1.9708241614974096,0.7240775477178287,4.753586484551561,-0.14463235063959556,0.03363636363636364
1.5395028524059207,-0.3531332963317439,-1.9733757361378148,0.7273918516944323,4.753206185147898,-0.14426390230278308,0.93,1.5395028524059207,-0.3531332963317439,-1.9733757361378148,0.7273918516944323,4.753206185147898,-0.14426390230278308,0.93
1.5402113864139362,-0.35254770049754913,-1.9762326421971972,0.7308704061312666,4.7526586392277785,-0.14454984258007353,0.03363636363636364,1.5402113864139362,-0.35254770049754913,-1.9762326421971972,0.7308704061312666,4.7526586392277785,-0.14454984258007353,0.03363636363636364
1.5402113864139362,-0.35254770049754913,-1.9762326421971972,0.7308704061312666,4.7526586392277785,-0.14454984258007353,0.03363636363636364,1.5402113864139362,-0.35254770049754913,-1.9762326421971972,0.7308704061312666,4.7526586392277785,-0.14454984258007353,0.03363636363636364
1.5402113864139362,-0.35254770049754913,-1.9762326421971972,0.7308704061312666,4.7526586392277785,-0.14454984258007353,0.03363636363636364,1.5402113864139362,-0.35254770049754913,-1.9762326421971972,0.7308704061312666,4.7526586392277785,-0.14454984258007353,0.03363636363636364
1.5402113864139362,-0.35254770049754913,-1.9762326421971972,0.7308704061312666,4.7526586392277785,-0.14454984258007353,0.03363636363636364,1.5402113864139362,-0.35254770049754913,-1.9762326421971972,0.7308704061312666,4.7526586392277785,-0.14454984258007353,0.03363636363636364
1.5402113864139362,-0.35254770049754913,-1.9762326421971972,0.7308704061312666,4.7526586392277785,-0.14454984258007353,0.03363636363636364,1.5402113864139362,-0.35254770049754913,-1.9762326421971972,0.7308704061312666,4.7526586392277785,-0.14454984258007353,0.03363636363636364
1.5402113864139362,-0.35254770049754913,-1.9762326421971972,0.7308704061312666,4.7526586392277785,-0.14454984258007353,0.03363636363636364,1.5402113864139362,-0.35254770049754913,-1.9762326421971972,0.7308704061312666,4.7526586392277785,-0.14454984258007353,0.03363636363636364
1.5402113864139362,-0.35254770049754913,-1.9762326421971972,0.7308704061312666,4.7526586392277785,-0.14454984258007353,0.03363636363636364,1.5402113864139362,-0.35254770049754913,-1.9762326421971972,0.7308704061312666,4.7526586392277785,-0.14454984258007353,0.03363636363636364
1.5402113864139362,-0.35254770049754913,-1.9762326421971972,0.7308704061312666,4.7526586392277785,-0.14454984258007353,0.03363636363636364,1.5402113864139362,-0.35254770049754913,-1.9762326421971972,0.7308704061312666,4.7526586392277785,-0.14454984258007353,0.03363636363636364
1.5402113864139362,-0.35254770049754913,-1.9762326421971972,0.7308704061312666,4.7526586392277785,-0.14454984258007353,0.03363636363636364,1.5402113864139362,-0.35254770049754913,-1.9762326421971972,0.7308704061312666,4.7526586392277785,-0.14454984258007353,0.03363636363636364
1.5402113864139362,-0.35254770049754913,-1.9762326421971972,0.7308704061312666,4.7526586392277785,-0.14454984258007353,0.03363636363636364,1.5402113864139362,-0.35254770049754913,-1.9762326421971972,0.7308704061312666,4.7526586392277785,-0.14454984258007353,0.03363636363636364
1.5402113864139362,-0.35254770049754913,-1.9762326421971972,0.7308704061312666,4.7526586392277785,-0.14454984258007353,0.03363636363636364,1.5402113864139362,-0.35254770049754913,-1.9762326421971972,0.7308704061312666,4.7526586392277785,-0.14454984258007353,0.03363636363636364
1.5402113864139362,-0.35254770049754913,-1.9762326421971972,0.7308704061312666,4.7526586392277785,-0.14454984258007353,0.03363636363636364,1.5402113864139362,-0.35254770049754913,-1.9762326421971972,0.7308704061312666,4.7526586392277785,-0.14454984258007353,0.03363636363636364
1.5402113864139362,-0.35254770049754913,-1.9762326421971972,0.7308704061312666,4.7526586392277785,-0.14454984258007353,0.03363636363636364,1.5402113864139362,-0.35254770049754913,-1.9762326421971972,0.7308704061312666,4.7526586392277785,-0.14454984258007353,0.03363636363636364
1.5402113864139362,-0.35254770049754913,-1.9762326421971972,0.7308704061312666,4.7526586392277785,-0.14454984258007353,0.03363636363636364,1.5402113864139362,-0.35254770049754913,-1.9762326421971972,0.7308704061312666,4.7526586392277785,-0.14454984258007353,0.03363636363636364
1.5402113864139362,-0.35254770049754913,-1.9762326421971972,0.7308704061312666,4.7526586392277785,-0.14454984258007353,0.03363636363636364,1.5402113864139362,-0.35254770049754913,-1.9762326421971972,0.7308704061312666,4.7526586392277785,-0.14454984258007353,0.03363636363636364
1.5402113864139362,-0.35254770049754913,-1.9762326421971972,0.7308704061312666,4.7526586392277785,-0.14454984258007353,0.03363636363636364,1.5402113864139362,-0.35254770049754913,-1.9762326421971972,0.7308704061312666,4.7526586392277785,-0.14454984258007353,0.03363636363636364
1.5402113864139362,-0.35254770049754913,-1.9762326421971972,0.7308704061312666,4.7526586392277785,-0.14454984258007353,0.03363636363636364,1.5402113864139362,-0.35254770049754913,-1.9762326421971972,0.7308704061312666,4.7526586392277785,-0.14454984258007353,0.03363636363636364
1.5402113864139362,-0.35254770049754913,-1.9762326421971972,0.7308704061312666,4.7526586392277785,-0.14454984258007353,0.03363636363636364,1.5402113864139362,-0.35254770049754913,-1.9762326421971972,0.7308704061312666,4.7526586392277785,-0.14454984258007353,0.03363636363636364
1.5402113864139362,-0.35254770049754913,-1.9762326421971972,0.7308704061312666,4.7526586392277785,-0.14454984258007353,0.03363636363636364,1.5402113864139362,-0.35254770049754913,-1.9762326421971972,0.7308704061312666,4.7526586392277785,-0.14454984258007353,0.03363636363636364
1.5402113864139362,-0.35254770049754913,-1.9762326421971972,0.7308704061312666,4.7526586392277785,-0.14454984258007353,0.03363636363636364,1.5402113864139362,-0.35254770049754913,-1.9762326421971972,0.7308704061312666,4.7526586392277785,-0.14454984258007353,0.03363636363636364
1.5402113864139362,-0.35254770049754913,-1.9762326421971972,0.7308704061312666,4.7526586392277785,-0.14454984258007353,0.03363636363636364,1.5402113864139362,-0.35254770049754913,-1.9762326421971972,0.7308704061312666,4.7526586392277785,-0.14454984258007353,0.03363636363636364
1.5402113864139362,-0.35254770049754913,-1.9762326421971972,0.7308704061312666,4.7526586392277785,-0.14454984258007353,0.03363636363636364,1.5402113864139362,-0.35254770049754913,-1.9762326421971972,0.7308704061312666,4.7526586392277785,-0.14454984258007353,0.03363636363636364
1.5402113864139362,-0.35254770049754913,-1.9762326421971972,0.7308704061312666,4.7526586392277785,-0.14454984258007353,0.03363636363636364,1.5402113864139362,-0.35254770049754913,-1.9762326421971972,0.7308704061312666,4.7526586392277785,-0.14454984258007353,0.03363636363636364
1.5402113864139362,-0.35254770049754913,-1.9762326421971972,0.7308704061312666,4.7526586392277785,-0.14454984258007353,0.03363636363636364,1.5402113864139362,-0.35254770049754913,-1.9762326421971972,0.7308704061312666,4.7526586392277785,-0.14454984258007353,0.03363636363636364
1.5402113864139362,-0.35254770049754913,-1.9762326421971972,0.7308704061312666,4.7526586392277785,-0.14454984258007353,0.03363636363636364,1.5402113864139362,-0.35254770049754913,-1.9762326421971972,0.7308704061312666,4.7526586392277785,-0.14454984258007353,0.03363636363636364
1.5402113864139362,-0.35254770049754913,-1.9762326421971972,0.7308704061312666,4.7526586392277785,-0.14454984258007353,0.03363636363636364,1.5402113864139362,-0.35254770049754913,-1.9762326421971972,0.7308704061312666,4.7526586392277785,-0.14454984258007353,0.03363636363636364
1.5402113864139362,-0.35254770049754913,-1.9762326421971972,0.7308704061312666,4.7526586392277785,-0.14454984258007353,0.03363636363636364,1.5402113864139362,-0.35254770049754913,-1.9762326421971972,0.7308704061312666,4.7526586392277785,-0.14454984258007353,0.03363636363636364
1.5402113864139362,-0.35254770049754913,-1.9762326421971972,0.7308704061312666,4.7526586392277785,-0.14454984258007353,0.03363636363636364,1.5402113864139362,-0.35254770049754913,-1.9762326421971972,0.7308704061312666,4.7526586392277785,-0.14454984258007353,0.03363636363636364
1.5402113864139362,-0.35254770049754913,-1.9762326421971972,0.7308704061312666,4.7526586392277785,-0.14454984258007353,0.03363636363636364,1.5402113864139362,-0.35254770049754913,-1.9762326421971972,0.7308704061312666,4.7526586392277785,-0.14454984258007353,0.03363636363636364
1.5402113864139362,-0.35254770049754913,-1.9762326421971972,0.7308704061312666,4.7526586392277785,-0.14454984258007353,0.03363636363636364,1.5402113864139362,-0.35254770049754913,-1.9762326421971972,0.7308704061312666,4.7526586392277785,-0.14454984258007353,0.03363636363636364
1.5402113864139362,-0.35254770049754913,-1.9762326421971972,0.7308704061312666,4.7526586392277785,-0.14454984258007353,0.03363636363636364,1.5402113864139362,-0.35254770049754913,-1.9762326421971972,0.7308704061312666,4.7526586392277785,-0.14454984258007353,0.03363636363636364
1.5402113864139362,-0.35254770049754913,-1.9762326421971972,0.7308704061312666,4.7526586392277785,-0.14454984258007353,0.03363636363636364,1.5402113864139362,-0.35254770049754913,-1.9762326421971972,0.7308704061312666,4.7526586392277785,-0.14454984258007353,0.03363636363636364
1.5402113864139362,-0.35254770049754913,-1.9762326421971972,0.7308704061312666,4.7526586392277785,-0.14454984258007353,0.03363636363636364,1.5402113864139362,-0.35254770049754913,-1.9762326421971972,0.7308704061312666,4.7526586392277785,-0.14454984258007353,0.03363636363636364
1.5402113864139362,-0.35254770049754913,-1.9762326421971972,0.7308704061312666,4.7526586392277785,-0.14454984258007353,0.03363636363636364,1.5402113864139362,-0.35254770049754913,-1.9762326421971972,0.7308704061312666,4.7526586392277785,-0.14454984258007353,0.03363636363636364
